THE ILLUSTRATIONS OF TOMI UNGERER ,https://www.youtube.com/watch?v=qDpiNGl9x0E
THE ILLUSTRATIONS OF FRITZ EICHENBERG ,https://www.youtube.com/watch?v=PvCuaFgv60k
UNSUNG HEROES OF ILLUSTRATION 100 ,https://www.youtube.com/watch?v=qIoGZX1Adcs
UNSUNG HEROES OF ILLUSTRATION 99 ,https://www.youtube.com/watch?v=mTyXiHVRh9Y
THE ILLUSTRATIONS OF NIKLAUS STOECKLIN ,https://www.youtube.com/watch?v=Oq8ekmnSRmE
THE ILLUSTRATIONS OF MAURICE DE BECQUE ,https://www.youtube.com/watch?v=BV9_rz-6kCQ
ERNESTO GARCIA CABRAL ,https://www.youtube.com/watch?v=n_qPd-g0gYQ
UNSUNG HEROES OF ILLUSTRATION 98 ,https://www.youtube.com/watch?v=0ElC5ZPnio8&t=76s
UNSUNG HEROES OF ILLUSTRATION 97 ,https://www.youtube.com/watch?v=rOAi-7cEZUk&t=3s
UNSUNG HEROES OF ILLUSTRATION 96 ,https://www.youtube.com/watch?v=B8uk1bne050
THE SATIRICAL ILLUSTRATIONS OF SIMPLICISSIMUS ,https://www.youtube.com/watch?v=ZrP21tKpXjg
THE COMIC ILLUSTRATIONS OF HARRY FURNISS   HD,https://www.youtube.com/watch?v=N7u-sD-LfIk
THE ILLUSTRATIONS OF ARTHUR SZYK   HD,https://www.youtube.com/watch?v=aCJAqluWwew
THE ILLUSTRATIONS OF EPPO DOEVE   HD,https://www.youtube.com/watch?v=eziY3TgRiv0
UNSUNG HEROES OF ILLUSTRATION 95  HD,https://www.youtube.com/watch?v=Ot7ryP8A7Xw
UNSUNG HEROES OF ILLUSTRATION 94 ,https://www.youtube.com/watch?v=3YJNBiIez2s
UNSUNG HEROES OF ILLUSTRATION 93 ,https://www.youtube.com/watch?v=5BIJr7K5IOc
THE ILLUSTRATIONS OF WILLY POGÁNY ,https://www.youtube.com/watch?v=Pg-lONIWaQI
THE ILLUSTRATIONS OF FERDINAND BAC ,https://www.youtube.com/watch?v=gmFNJlGRgyE
THE ILLUSTRATED PLAYS OF WILLIAM SHAKESPEARE  ,https://www.youtube.com/watch?v=aMO8wXRXNyY
NORMAN ROCKWELL ,https://www.youtube.com/watch?v=yjOT4eLMQeY
HEINRICH LEFLER & JOSEPH URBAN ,https://www.youtube.com/watch?v=Av79DJjnqjo
unsung 92 ,https://www.youtube.com/watch?v=yq679SUnkXg
UNSUNG HEROES OF ILLUSTRATION 91 ,https://www.youtube.com/watch?v=69yHiS4dHrA
CHARLES MARTIN ,https://www.youtube.com/watch?v=dcrrYKqDMsQ
JOHN HASSALL ,https://www.youtube.com/watch?v=JXA0lJTis_8
NEW YORKER COVERS 1925 - 1939 ,https://www.youtube.com/watch?v=K5kXYDrE1SM
UNSUNG HEROES OF ILLUSTRATION 90 ,https://www.youtube.com/watch?v=8uNxY1uzUi4
UNSUNG HEROES OF ILLUSTRATION 89 ,https://www.youtube.com/watch?v=mBGmf3PnJxQ&t=46s
JEAN VEBER ,https://www.youtube.com/watch?v=cbDecrZJmXE
RONALD SEARLE ,https://www.youtube.com/watch?v=128KIHzZtyE
THE SENSATIONAL ART OF PULP MAGAZINES ,https://www.youtube.com/watch?v=vXmmFBf9a6E
THE ILLUSTRATED BROTHERS GRIMM PART 2 ,https://www.youtube.com/watch?v=Lp0b6PM4t1c
THE ILLUSTRATED BROTHERS GRIMM PART 1 ,https://www.youtube.com/watch?v=tkHahvr9CJ4
UNSUNG HEROES OF ILLUSTRATION 88  ,https://www.youtube.com/watch?v=Fdiig1qDNwE
UNSUNG HEROES OF ILLUSTRATION 87 ,https://www.youtube.com/watch?v=4rzKbmRYfwo
GUSTAVE DORÉ  MASTER OF FANTASY1080p,https://www.youtube.com/watch?v=1sHwlJj9YZY
BORIS ARTZYBASHEFF ,https://www.youtube.com/watch?v=o0YxpukWRrU&t=357s
DER WAHRE JACOB ,https://www.youtube.com/watch?v=nk90LVnetKQ
THE FANTASY ILLUSTRATIONS OF VIRGIL FINLAY ,https://www.youtube.com/watch?v=_iNrsjpJ0jE
UNSUNG HEROES OF ILLUSTRATION 86 ,https://www.youtube.com/watch?v=F4ENmETU2tw
UNSUNG HEROES OF ILLUSTRATION 85 ,https://www.youtube.com/watch?v=sWAf_ZsC84A
THE VISIONARY FANTASY ART OF CARLOS SCHWABE   HD,https://www.youtube.com/watch?v=2JJMQOy1ZBo
JEAN-JACQUES GRANDVILLE   HD,https://www.youtube.com/watch?v=zwh_rwSbx84
ROSE O'NEILL ,https://www.youtube.com/watch?v=aPMSo8tmAsQ&t=212s
THE ILLUSTRATORS OF AESOP'S FABLES  HD,https://www.youtube.com/watch?v=oK84fBDGyWY
MAURICE SENDAK & THE ART OF THE PICTURE BOOK HD,https://www.youtube.com/watch?v=suWnzh77SgI
UNSUNG HEROES OF ILLUSTRATION 84 HD,https://www.youtube.com/watch?v=z3Ax7f0FXXY
UNSUNG HEROES OF ILLUSTRATION 83 HD,https://www.youtube.com/watch?v=VKjhWKqazV8
THE DISTURBING SATIRICAL ART OF ANDREAS PAUL WEBER,https://www.youtube.com/watch?v=V8zAGiCbmkM
N. C. WYETH,https://www.youtube.com/watch?v=5yI2vMh1Fjg
UNSUNG HEROES OF ILLUSTRATION 82,https://www.youtube.com/watch?v=Hwne77yxsqY
UNSUNG HEROES OF ILLUSTRATION 81,https://www.youtube.com/watch?v=oTBVY4jGrW8
THE EXTRAORDINARY FANTASY ILLUSTRATIONS OF HEINRICH KLEY  HD,https://www.youtube.com/watch?v=AFyU8DOIQK4
UNSUNG HEROES OF ILLUSTRATION 80   HD,https://www.youtube.com/watch?v=-Cy-exnhKs0
UNSUNG HEROES OF ILLUSTRATION 79 ,https://www.youtube.com/watch?v=Zpj1dvYLEuw
THE ILLUSTRATIONS OF JOSEPH & FRANK LEYENDECKER,https://www.youtube.com/watch?v=1c_Qei7rE74
ILLUSTRATION & THE COUNTERCULTURE OF THE 1960s,https://www.youtube.com/watch?v=UreukNZg6yY
UNSUNG HEROES OF ILLUSTRATION 78,https://www.youtube.com/watch?v=pDKAlFlbU6k
UNSUNG HEROES OF ILLUSTRATION 77,https://www.youtube.com/watch?v=0BStmP4uVq8
THE PAINTED PERFECTION OF MAXFIELD PARRISH,https://www.youtube.com/watch?v=j1yWcI8oXtE
THE SINGULAR COMIC ART OF H. M. BATEMAN,https://www.youtube.com/watch?v=TpfCxlisKHA
UNSUNG HEROES OF ILLUSTRATION 76 & ARCHIVE 51 - 75,https://www.youtube.com/watch?v=Fsmjt053ebU
UNSUNG HEROES OF ILLUSTRATION 75  & ARCHIVE 1 - 50,https://www.youtube.com/watch?v=8pBqLbmp6yo
UNSUNG HEROES OF ILLUSTRATION 74 ,https://www.youtube.com/watch?v=jKuX20qVw2o
THE ART NOUVEAU ILLUSTRATIONS OF ALPHONSE MUCHA ,https://www.youtube.com/watch?v=P7xaoxiKYoU
UNSUNG HEROES OF ILLUSTRATION 73 ,https://www.youtube.com/watch?v=6PuP8BkuikY
UNSUNG HEROES OF ILLUSTRATION 72 ,https://www.youtube.com/watch?v=9WuOOJ4V5gE
DON QUIXOTE ,https://www.youtube.com/watch?v=1Lhc-0oBJu8
UNSUNG HEROES OF ILLUSTRATION 711080p,https://www.youtube.com/watch?v=aoyZ2Xpuz-U
UNSUNG HEROES OF ILLUSTRATION 70  HD,https://www.youtube.com/watch?v=UEw4jAkuEVo
UNSUNG HEROES OF ILLUSTRATION 69 HD,https://www.youtube.com/watch?v=xpHOY0bDDqI
THE ABSURD ABSTRACTIONS OF JIM FLORA   HD,https://www.youtube.com/watch?v=Q0WHSYHu8ks
THE GRAPHIC ART OF LUDWIG HOHLWEIN   HD,https://www.youtube.com/watch?v=5oEDC6l3oxw
UNSUNG HEROES OF ILLUSTRATION 68 ,https://www.youtube.com/watch?v=e1Yp_PXIBQE
UNSUNG HEROES OF ILLUSTRATION 67 ,https://www.youtube.com/watch?v=QxzlyzM8oiI&t=11s
UNSUNG HEROES OF ILLUSTRATION 66 ,https://www.youtube.com/watch?v=MStYWM_mfI8
THE BELLE ÉPOQUE POSTERS OF JULES CHÉRET ,https://www.youtube.com/watch?v=ghQ7lw7EH5w
UNSUNG HEROES OF ILLUSTRATION 651080p,https://www.youtube.com/watch?v=sH6cNxyPHwY
UNSUNG HEROES OF ILLUSTRATION 64 ,https://www.youtube.com/watch?v=1iI0_GY-uDk&t=265s
UNSUNG HEROES OF ILLUSTRATION 63 ,https://www.youtube.com/watch?v=HW4AlXTih4o&t=18s
DIE MUSKETE ,https://www.youtube.com/watch?v=btZhEI_UjIA
UNSUNG HEROES OF ILLUSTRATION 62,https://www.youtube.com/watch?v=neo4KCa6jDA
UNSUNG HEROES OF ILLUSTRATION 61 ,https://www.youtube.com/watch?v=RpyjQoLFSJI&t=45s
UNSUNG HEROES OF ILLUSTRATION 60 ,https://www.youtube.com/watch?v=NvnUTedUZdw
EUGÈNE GRASSET ,https://www.youtube.com/watch?v=2sAjAxo5ATc&t=18s
THE GRAPHIC ART OF A. M. CASSANDRE ,https://www.youtube.com/watch?v=W7400wCEmJM
UNSUNG HEROES OF ILLUSTRATION 59 ,https://www.youtube.com/watch?v=naGhFMYIEQo
UNSUNG HEROES OF ILLUSTRATION 58 ,https://www.youtube.com/watch?v=1Q49fvOAprE&t=130s
UNSUNG HEROES OF ILLUSTRATION 57 ,https://www.youtube.com/watch?v=1-m7pXgobo8
RICK GRIFFIN ,https://www.youtube.com/watch?v=6pD-AZDjgCU
UNSUNG HEROES OF ILLUSTRATION 56 HD,https://www.youtube.com/watch?v=nMqSrIHy3Fk
UNSUNG HEROES OF ILLUSTRATION 55  HD,https://www.youtube.com/watch?v=lNJVGDGujME&t=518s
UNSUNG HEROES OF ILLUSTRATION 54 HD,https://www.youtube.com/watch?v=D6Pbf4gRdUE
THE FANTASY ART OF EDMUND DULAC,https://www.youtube.com/watch?v=tYCGyJtGBHA&t=423s
A HISTORY OF FRENCH ILLUSTRATION PART THREE (NEW VERSION),https://www.youtube.com/watch?v=yEGMV-aR_fM
UNSUNG HEROES OF ILLUSTRATION 53,https://www.youtube.com/watch?v=NUkNU76w9CU
UNSUNG HEROES OF ILLUSTRATION 52,https://www.youtube.com/watch?v=Cx2lZkXbzQk
UNSUNG HEROES OF ILLUSTRATION 51,https://www.youtube.com/watch?v=ddeaxXHBnBk
ART DECO ILLUSTRATION NEW VERSION HD,https://www.youtube.com/watch?v=hYOXbzJvesI
THE ART OF LIFE,https://www.youtube.com/watch?v=zB37jjAz1Po
UNSUNG HEROES OF ILLUSTRATION 50,https://www.youtube.com/watch?v=su3D2ab4T5g
UNSUNG HEROES OF ILLUSTRATION 49,https://www.youtube.com/watch?v=WhaJ6vbGrVE
UNSUNG HEROES OF ILLUSTRATION 48,https://www.youtube.com/watch?v=F0epFRi6kPI
THE PECULIAR PICTURES OF MERVYN PEAKE,https://www.youtube.com/watch?v=QE8M_dSLzh0
UNSUNG HEROES OF ILLUSTRATION 47,https://www.youtube.com/watch?v=Km5fiLUYBDo
UNSUNG HEROES OF ILLUSTRATION 46,https://www.youtube.com/watch?v=2tWTio9Uen4
THE ORIGINS OF FANTASY ART (NEW VERSION),https://www.youtube.com/watch?v=jF5tAamUEFw
UNSUNG HEROES OF ILLUSTRATION 45,https://www.youtube.com/watch?v=WJWpEsINQmg
UNSUNG HEROES OF ILLUSTRATION 44,https://www.youtube.com/watch?v=NW5miA8IdoE
THE FANTASY ART OF ARTHUR RACKHAM,https://www.youtube.com/watch?v=kTD0csU14Qs
UNSUNG HEROES OF ILLUSTRATION 43,https://www.youtube.com/watch?v=MLyKlEo84-c
UNSUNG HEROES OF ILLUSTRATION 42,https://www.youtube.com/watch?v=DSAQ_p3EeJk
UNSUNG HEROES OF ILLUSTRATION PART 41,https://www.youtube.com/watch?v=Y31XqqMavrM
THE ART OF E. H. SHEPARD,https://www.youtube.com/watch?v=ex-74Cv80OY
UNSUNG HEROES OF ILLUSTRATION 40,https://www.youtube.com/watch?v=Rpg_cCsXbp4
UNSUNG HEROES OF ILLUSTRATION PART 39,https://www.youtube.com/watch?v=7JJhTKH6zEA
UNSUNG HEROES OF ILLUSTRATION PART 38,https://www.youtube.com/watch?v=i6w2rF08N1g
UNSUNG HEROES OF ILLUSTRATION PART 37,https://www.youtube.com/watch?v=jkdIp8b5b1o
THE ART OF THE UNDERGROUND,https://www.youtube.com/watch?v=RCKsZc1VAmE
UNSUNG HEROES OF ILLUSTRATION 36,https://www.youtube.com/watch?v=rm9pamjFYGE
UNSUNG HEROES OF ILLUSTRATION PART 35,https://www.youtube.com/watch?v=tMUwfeqPz98
UNSUNG HEROES OF ILLUSTRATION PART 34,https://www.youtube.com/watch?v=YItEjDT-cVs
DER ORCHIDEENGARTEN,https://www.youtube.com/watch?v=rz_GaQmtBu4
UNSUNG HEROES OF ILLUSTRATION PART 33,https://www.youtube.com/watch?v=uix5UiqfFWA
UNSUNG HEROES OF ILLUSTRATION PART 32,https://www.youtube.com/watch?v=VaShRMxeOtU
THE ART & IMAGINATION OF WINSOR McCAY,https://www.youtube.com/watch?v=QxDTj3tQZUs
UNSUNG HEROES OF ILLUSTRATION 31,https://www.youtube.com/watch?v=yCaWlSQ8z_c
UNSUNG HEROES OF ILLUSTRATION PART 30,https://www.youtube.com/watch?v=xbkDfT8ybFM
UNSUNG HEROES OF ILLUSTRATION PART 29,https://www.youtube.com/watch?v=D8rzXXDwShs
THE ART OF JUGEND,https://www.youtube.com/watch?v=hNvB_mKEvck
UNSUNG HEROES OF ILLUSTRATION 28,https://www.youtube.com/watch?v=LHnPtUCqbEA
UNSUNG HEROES OF ILLUSTRATION 27,https://www.youtube.com/watch?v=asKDqHep9_I
UNSUNG HEROES OF ILLUSTRATION 26,https://www.youtube.com/watch?v=lr7IOYbY2WA
ILLUSTRATION AND ADVERTISING,https://www.youtube.com/watch?v=FWXYYheWQO8&t=87s
UNSUNG HEROES OF ILLUSTRATION 25,https://www.youtube.com/watch?v=oQEO_OSyciQ
UNSUNG HEROES OF ILLUSTRATION PART 24,https://www.youtube.com/watch?v=qUZCFwr-DyE
UNSUNG HEROES OF ILLUSTRATION PART 23,https://www.youtube.com/watch?v=L8zA14G5ChY
THE EARLY YEARS OF MAD,https://www.youtube.com/watch?v=0CrHe7XI_uA
UNSUNG HEROES OF ILLUSTRATION PART 22,https://www.youtube.com/watch?v=Edwk9bqRwWM
UNSUNG HEROES OF ILLUSTRATION PART 21,https://www.youtube.com/watch?v=avhrS00jU1Y
UNSUNG HEROES OF ILLUSTRATION PART 20,https://www.youtube.com/watch?v=grS4aFtvQXg
UNSUNG HEROES OF ILLUSTRATION PART 19,https://www.youtube.com/watch?v=-Z2NnNbwEdA
UNSUNG HEROES OF ILLUSTRATION PART 18,https://www.youtube.com/watch?v=NkHwM6VNRp4
WILLIAM HEATH ROBINSON,https://www.youtube.com/watch?v=k9Vtw4uA0QQ
UNSUNG HEROES OF ILLUSTRATION PART 17,https://www.youtube.com/watch?v=1MFG3w1YTrA
UNSUNG HEROES OF ILLUSTRATION PART SIXTEEN,https://www.youtube.com/watch?v=44H6ewS3lDM
UNSUNG HEROES OF ILLUSTRATION PART FIFTEEN,https://www.youtube.com/watch?v=0ZL8JwfN7z8
UNSUNG HEROES OF ILLUSTRATION PART 14,https://www.youtube.com/watch?v=HuWYDP_1M-w
UNSUNG HEROES OF ILLUSTRATION PART 13,https://www.youtube.com/watch?v=V8uYojH8Sj0
UNSUNG HEROES OF ILLUSTRATION PART 12,https://www.youtube.com/watch?v=eZFangcGBHI
UNSUNG HEROES OF ILLUSTRATION PART 11,https://www.youtube.com/watch?v=HPfRz90T0mg
ILLUSTRATED PROPAGANDA IN WORLD WAR TWO,https://www.youtube.com/watch?v=c1V3idP7yNM
ILLUSTRATED PROPAGANDA IN WORLD WAR ONE,https://www.youtube.com/watch?v=jH2QXEwrTdU
UNSUNG HEROES OF ILLUSTRATION PART 10,https://www.youtube.com/watch?v=eITIEYA-Fu0
UNSUNG HEROES OF ILLUSTRATION 9,https://www.youtube.com/watch?v=zO_Y6i2fZjw
ILLUSTRATION IN 1950s' BRITAIN,https://www.youtube.com/watch?v=F6gQBNcv78c
UNSUNG HEROES OF ILLUSTRATION 8,https://www.youtube.com/watch?v=BKKWGERRrnE
UNSUNG HEROES OF ILLUSTRATION 7,https://www.youtube.com/watch?v=2eHPLDWvAjs
UNSUNG HEROES OF ILLUSTRATION 6,https://www.youtube.com/watch?v=sVAMISevjYs
UNSUNG HEROES OF ILLUSTRATION 5,https://www.youtube.com/watch?v=aZBIG69Uvhw
A HISTORY OF FRENCH ILLUSTRATION PART TWO,https://www.youtube.com/watch?v=Ki-OR2TQ21o
A HISTORY OF FRENCH ILLUSTRATION PART ONE,https://www.youtube.com/watch?v=Ha4PMoB2uDk
WOMEN IN ILLUSTRATION,https://www.youtube.com/watch?v=UaMYRidSEBs
THE ART OF THE CARTOON PART 4,https://www.youtube.com/watch?v=3K1SeS9BkvA
THE ART OF THE CARTOON PART 3,https://www.youtube.com/watch?v=2ScH9UMoHnU
THE ART OF THE CARTOON PART 2,https://www.youtube.com/watch?v=ut7SJOd2p04
THE ART OF THE CARTOON PART 1,https://www.youtube.com/watch?v=kvURq5hm_i8
AMERICAN ILLUSTRATION IN THE 1950s,https://www.youtube.com/watch?v=iP1Xr1hQ1uY
UNSUNG HEROES OF ILLUSTRATION 4,https://www.youtube.com/watch?v=r-tGs6a30Ik
UNSUNG HEROES OF ILLUSTRATION 3,https://www.youtube.com/watch?v=ZDUoQhePqvg
UNSUNG HEROES OF ILLUSTRATION 2,https://www.youtube.com/watch?v=nS6JXv_oL8A
UNSUNG HEROES OF ILLUSTRATION 1,https://www.youtube.com/watch?v=H6sMnIXEO4Y
BETWEEN THE LINES,https://www.youtube.com/watch?v=TVYVfIvRQ10
EVERYBODY KNOWS (COVER),https://www.youtube.com/watch?v=Vhlb7MKfRUI
ONCE UPON A TIME,https://www.youtube.com/watch?v=dzBuUEDp2Pk
GOTTA SERVE SOMEBODY (COVER),https://www.youtube.com/watch?v=0bXgk5_M2dE
NIGHT OF FEAR (COVER),https://www.youtube.com/watch?v=jFbNq8uTAyI
FIRST WE TAKE MANHATTAN (COVER),https://www.youtube.com/watch?v=xtzGit-krZs
TOMORROW NEVER KNOWS (COVER),https://www.youtube.com/watch?v=qqJXInu_UAw
2000 LIGHT YEARS FROM HOME (COVER),https://www.youtube.com/watch?v=11RdbmbOTRs
THE ART OF ILLUSTRATION PART 2,https://www.youtube.com/watch?v=TY4oFeaQ9Uo
THE ART OF ILLUSTRATION PART 1,https://www.youtube.com/watch?v=Vit5W3M3pdY
PETE BEARD PORTFOLIO,https://www.youtube.com/watch?v=fuVY646NtHw
